<?xml version="1.0" encoding="UTF-8"?><MD_Metadata xmlns:gts="http://www.isotc211.org/2005/gts" xmlns:gco="http://www.isotc211.org/2005/gco" xmlns:xalan="http://xml.apache.org/xalan" xmlns:srv="http://www.isotc211.org/2005/srv" xmlns:gmx="http://www.isotc211.org/2005/gmx" xmlns:xlink="http://www.w3.org/1999/xlink" xmlns:xsi="http://www.w3.org/2001/XMLSchema-instance" xmlns:gml="http://www.opengis.net/gml" xmlns="http://www.isotc211.org/2005/gmd">
    <characterSet>
        <MD_CharacterSetCode codeList="http://www.isotc211.org/2005/resources/Codelist/gmxCodelists.xml#MD_CharacterSetCode" codeListValue="utf8" codeSpace="ISOTC211/19115">utf8</MD_CharacterSetCode>
    </characterSet>
    <hierarchyLevel>
        <MD_ScopeCode codeList="http://www.isotc211.org/2005/resources/Codelist/gmxCodelists.xml#MD_ScopeCode" codeListValue="dataset" codeSpace="ISOTC211/19115">dataset</MD_ScopeCode>
    </hierarchyLevel>
    <hierarchyLevelName>
        <gco:CharacterString>dataset</gco:CharacterString>
    </hierarchyLevelName>
    <contact gco:nilReason="missing"/>
    <dateStamp gco:nilReason="missing"/>
    <metadataStandardName>
        <gco:CharacterString>ISO 19139 Geographic Information - Metadata - Implementation Specification</gco:CharacterString>
    </metadataStandardName>
    <metadataStandardVersion>
        <gco:CharacterString>2007</gco:CharacterString>
    </metadataStandardVersion>
    <identificationInfo>
        <MD_DataIdentification>
            <citation>
                <CI_Citation>
                    <title>
                        <gco:CharacterString>Favelas_Urbanizaçao_view</gco:CharacterString>
                    </title>
                    <date gco:nilReason="missing"/>
                </CI_Citation>
            </citation>
            <abstract>
                <gco:CharacterString>Dados relativos à urbanização de favelas - Favelas_Urbanizaçao_view</gco:CharacterString>
            </abstract>
            <purpose>
                <gco:CharacterString>Dados relativos à urbanização de favelas.</gco:CharacterString>
            </purpose>
            <credit>
                <gco:CharacterString>Prefeitura da Cidade do Rio de Janeiro</gco:CharacterString>
            </credit>
            <descriptiveKeywords>
                <MD_Keywords>
                    <keyword>
                        <gco:CharacterString> Assentamentos Precários</gco:CharacterString>
                    </keyword>
                    <keyword>
                        <gco:CharacterString>favelas</gco:CharacterString>
                    </keyword>
                    <keyword>
                        <gco:CharacterString>Habitação e Urbanismo</gco:CharacterString>
                    </keyword>
                    <keyword>
                        <gco:CharacterString>urbanismo</gco:CharacterString>
                    </keyword>
                </MD_Keywords>
            </descriptiveKeywords>
            <descriptiveKeywords>
                <MD_Keywords>
                    <keyword>
                        <gco:CharacterString> Assentamentos Precários</gco:CharacterString>
                    </keyword>
                    <keyword>
                        <gco:CharacterString>favelas</gco:CharacterString>
                    </keyword>
                    <keyword>
                        <gco:CharacterString>Habitação e Urbanismo</gco:CharacterString>
                    </keyword>
                    <keyword>
                        <gco:CharacterString>urbanismo</gco:CharacterString>
                    </keyword>
                </MD_Keywords>
            </descriptiveKeywords>
            <descriptiveKeywords>
                <MD_Keywords>
                    <keyword>
                        <gco:CharacterString> Assentamentos Precários</gco:CharacterString>
                    </keyword>
                    <keyword>
                        <gco:CharacterString>favelas</gco:CharacterString>
                    </keyword>
                    <keyword>
                        <gco:CharacterString>Habitação e Urbanismo</gco:CharacterString>
                    </keyword>
                    <keyword>
                        <gco:CharacterString>urbanismo</gco:CharacterString>
                    </keyword>
                </MD_Keywords>
            </descriptiveKeywords>
            <descriptiveKeywords>
                <MD_Keywords>
                    <keyword>
                        <gco:CharacterString> Assentamentos Precários</gco:CharacterString>
                    </keyword>
                    <keyword>
                        <gco:CharacterString>favelas</gco:CharacterString>
                    </keyword>
                    <keyword>
                        <gco:CharacterString>Habitação e Urbanismo</gco:CharacterString>
                    </keyword>
                    <keyword>
                        <gco:CharacterString>urbanismo</gco:CharacterString>
                    </keyword>
                </MD_Keywords>
            </descriptiveKeywords>
            <language gco:nilReason="missing"/>
            <characterSet>
                <MD_CharacterSetCode codeList="http://www.isotc211.org/2005/resources/Codelist/gmxCodelists.xml#MD_CharacterSetCode" codeListValue="utf8" codeSpace="ISOTC211/19115">utf8</MD_CharacterSetCode>
            </characterSet>
            <extent>
                <EX_Extent>
                    <geographicElement>
                        <EX_GeographicBoundingBox>
                            <westBoundLongitude>
                                <gco:Decimal>-43</gco:Decimal>
                            </westBoundLongitude>
                            <eastBoundLongitude>
                                <gco:Decimal>-43</gco:Decimal>
                            </eastBoundLongitude>
                            <southBoundLatitude>
                                <gco:Decimal>-23</gco:Decimal>
                            </southBoundLatitude>
                            <northBoundLatitude>
                                <gco:Decimal>-22</gco:Decimal>
                            </northBoundLatitude>
                        </EX_GeographicBoundingBox>
                    </geographicElement>
                </EX_Extent>
            </extent>
        </MD_DataIdentification>
    </identificationInfo>
</MD_Metadata>
